region,A,C,D,E,F,G,H,I,K,L,M,N,P,Q,R,S,T,V,W,Y
TRiC_nascent,0.442737937,-0.367417342,-0.043550169,-0.061360803,-0.219364207,0.283479,-0.227927864,-0.073728746,-0.077466064,-0.227830598,-1.26367E-05,-0.23326367,0.225624879,-0.009542038,-0.126294673,-0.035477477,0.082630553,0.256602897,0.052079805,-0.056971202
Ssb_nascent,0.326256456,-0.413594082,-0.083309435,-0.172175169,-0.227424007,0.156048009,-0.064834919,-0.133674484,0.093209998,-0.183808492,-0.241846345,-0.217692549,0.26477852,0.022149889,0.145733504,-0.034667742,0.118742691,0.217915727,-0.155593314,-0.04986007
Bukau_nascent,0.444485087,-0.250363734,-0.13975013,-0.166763365,-0.174854692,0.141011098,-0.058269386,-0.102376468,0.266532285,-0.177140464,-0.26798876,-0.468198376,0.147922592,-0.087006492,0.290086464,-0.416292657,0.022405779,0.451132102,0.037489408,0.035776575
TRiC_active,1.359949525,-0.6485936,-0.489341983,-1.164566746,-0.526839865,0.239612484,0.288969688,-0.624487666,-1.069618585,-0.513959916,-0.724262137,-0.751944673,1.847598804,-0.565993889,-0.990992709,0.325762921,0.553722611,-0.309224637,-1.188531614,-0.79019884
Ssb_active,1.079831291,-0.391055048,-0.288911859,-0.980793713,-0.473329713,0.134610675,0.024423057,-0.674874199,-0.954731764,-0.370682879,-0.746099495,-0.617669037,1.759163482,-0.397184257,-0.474644338,0.268301653,0.472205969,-0.05263554,-0.546652361,-0.606425808
Bukau_active,0.41256614,-0.756339512,0.138979166,0.261241581,-0.360215633,0.374076609,-0.428272569,-0.085842034,0.093311405,-0.066511255,-0.381943165,-0.339863495,0.023913,-0.053882511,0.140759277,-0.615854917,-0.048959882,0.461937633,0.023203248,-0.351611909