sample,log2
ATP2,1.363904278
ATP2,1.606400993
ATP2,0.337049646
atp2-PA,2.22233775
atp2-PA,2.804856553
atp2-PA,2.427315396